"CPMN","FNAC"
6050,19900706
11020,20040731
11028,19940108
18021,19610226
18087,19950816
18087,19791009
18087,19221125
41060,19630216
41091,19931231
8019,19791109
18059,19450308
18173,19980128
21041,19750530
11020,19750801
11006,19501106
13098,19490822
29067,19620308
11012,19260409
11031,19991002
11031,19991005
11031,19991002
23050,19950308
29069,19841027
18087,19770916
42173,19950201
23027,19560717
11012,20081028
23060,19981211
23050,20060215
29067,20131119
11022,19880123
18181,19531001
11006,19700407
11006,19950615
11012,19930418
11008,20150907
18089,19640917
23007,19350830
23020,19710707
41091,19530929
11020,19680308
18049,19600529
18147,19950422
18087,19961118
18102,19950430
14055,19470610
11004,19870418
11022,19651023
14021,19781201
14029,19751121
14021,19960330
11020,20060120
28079,19820819
11031,19671229
14021,19421003
18089,19760329
41004,19651227
4013,20140106
14021,19770812
14050,19260417
23086,19950530
23086,19970101
11012,20140124
23050,20120608
11006,20031122
8245,19870228
34131,19400801
14037,19850912
14058,19450911
18087,19430923
18087,19901226
18087,19980708
18087,19960518
29067,20100422
23058,19960104
18038,19370908
14017,19941107
23050,19570414
11020,20041113
18087,19791208
4037,19780314
23005,19970820
23060,19981123
23020,19981224
41053,19871214
14021,19980427
14021,20040325
18087,19941120
18038,19441029
18022,19301112
23050,19600107
14021,20140813
66345,19660308
14035,19280308
18099,19701130
11018,19530222
6074,19880115
11020,19990518
14021,20050513
18020,19350508
23035,19740908
29001,20121009
41091,19950926
11023,19370118
11012,19951208
23056,19691115
18154,19460312
8019,19710924
23098,19400313
41091,19460223
11020,19990607
14014,19520208
23050,19651013
23060,19290713
23060,19661222
29051,19650607
18004,19640824
29067,19691209
41053,20080917
66348,19700224
41091,20120918
41091,20150225
23063,19290514
11030,20121011
11029,20120831
14058,20080904
29094,19760603
23050,19220522
11020,19741005
11029,19760723
18003,19640327
18022,19451227
23050,19950513
23050,19650618
29067,19970908
41039,19860925
41091,19951112
41039,19990111
14060,19930226
14021,19961107
18165,19340710
18193,19510629
18193,19411206
21053,19801205
23018,19441008
23087,20080708
11020,19660309
41058,19280504
41021,19991105
18154,19630617
18173,19671014
18087,19950108
23055,19370308
23092,19620308
29067,19740808
11012,19990217
14021,19990707
14073,19970430
14021,19991017
23058,19630304
23050,19600221
29067,19911220
29067,19820624
18079,19620308
11022,20020321
18087,19560823
23902,19741008
23044,19990131
23050,19990611
29067,19630817
23902,19381212
41091,19750706
41039,20071011
41091,19480326
18087,19540308
18087,19540308
11004,20021107
14021,19620418
18087,19781214
18087,19550521
41081,20110131
41038,20110519
41091,19631009
11027,20030308
14013,19770225
18173,20011030
21017,19160319
14055,19470610
11020,19860709
11006,19950615
14015,19671205
14018,19481004
18108,19880513
23005,20020603
4013,19820628
11007,19760209
11012,19930418
14055,19740107
14055,19290307
18087,19340929
18087,19870814
18051,19270524
18022,20161216
23050,19780302
23050,20091206
4013,19971215
14058,19650126
18057,19380308
11012,19741114
18087,19910319
18014,19260308
18087,19821215
18108,19340529
21041,20050919
41091,20120210
29067,20140817
11041,19610820
11012,19711213
14021,19650606
18905,20140708
23060,20030520
29067,19750612
29067,20111201
41091,20160622
18087,19850315
18087,19850315
18087,19640309
18087,19980522
29067,19830403
8121,19920109
11020,20090618
14010,19350322
14011,19610624
18028,19680101
21035,19730830
23050,19541005
23050,19280721
41091,19900707
18063,20070504
23050,19261108
18134,19600308
18022,19451212
23050,19581023
23060,19510308
23060,19230312
23061,19330913
41091,19930228
11006,19821121
11015,20030817
11015,20030817
18162,19341020
18905,19600308
21044,19790420
29067,19731120
4013,19881114
14060,19570619
14038,19471017
18102,19521202
29070,20050330
11020,20111112
18111,19390201
18116,19290930
18087,19860726
18021,20100316
21074,19911021
23079,19490214
23007,19330606
23085,19760922
11004,19830310
11041,19980206
11004,19610817
18017,19880328
18029,19620811
18039,19330329
18158,20030129
18022,20160629
23075,19910320
41091,19770525
41091,19820517
14021,19780530
23098,19220511
18154,19460312
18089,19320712
18105,19140903
23086,19860807
23051,19590617
29067,19720129
11012,19710522
14073,19610516
14017,19511101
18098,19480817
18087,19421130
23044,19311215
14060,19240311
18173,19670310
18004,19640827
21035,20121210
23092,19510211
23092,19580918
18185,19581001
11020,19910712
11012,19981228
23063,19400229
23066,19340422
23902,19351109
23012,19490518
6064,19320402
11006,20140327
14035,19430108
14050,20080708
18087,19580407
23012,19360615
23050,19990321
29015,20110111
23060,19290530
23050,19220413
66326,19780308
26089,19890426
29067,19540627
11004,19370308
23092,19640317
14058,19611004
41091,19851117
41091,19870331
18087,19900416
18907,19271024
29067,19820624
23025,19890912
18020,19340508
18023,19690702
18039,19330216
18087,19530326
23092,19630616
29015,19631002
41091,19791229
18066,19460815
23087,19221120
18087,19260415
18076,19500404
23058,19650610
23066,19320505
41068,19650915
23050,19970308
23050,19210805
11031,19600412
23061,19780203
23026,19301221
29067,19661225
51001,19840623
18094,19620519
18140,19770308
23050,19980307
30016,19850925
41091,19570726
41046,19491101
23061,19700817
23050,19690618
23050,19380322
29067,19960829
18135,19631017
23044,19380124
23044,19680908
28079,19401012
29067,20140420
23050,19241025
43005,19670419
38037,19570308
11004,19820930
7044,19711022
23060,19871021
23060,19620603
23024,19730912
23905,20020207
23050,20081003
29015,19650117
14021,19560621
14021,19560621
29049,19930903
23098,19280128
23029,19631212
11041,19470213
23024,19780112
29067,19660323
41091,19881028
18057,19380308
29067,19450619
23050,20040807
29089,19310711
41091,20030319
11012,19781102
18022,19530808
23087,19230310
23050,19650607
18087,19950710
41091,19791107
23050,19480515
29067,19850709
23050,19210207
41050,20010612
23086,19200223
29067,20150708
23050,19520607
23050,19520922
23060,19210312
4067,19190408
11023,19270304
11023,19270311
11031,19810331
23050,19320511
11023,19450426
11012,19680906
11012,19860412
11012,19780504
11012,19790901
11012,19790901
11006,19321206
14007,19131227
14019,19530909
18184,19680526
18089,19821227
18184,19350305
18184,19660223
41091,19390217
23006,19181030
29067,19661104
29082,19620930
29067,19350429
29067,19810322
14021,19790730
14021,19790730
41091,19520316
11020,19681101
29901,19660829
41091,19840318
41091,19840318
41091,19840318
41091,19790918
41091,19490817
41091,19750904
18089,19530120
41091,19570415
41091,19570415
41091,19820517
41091,19820517
41091,19790916
23050,19211104
23050,19211104
41091,19490314
41091,19730828
41091,19730828
39075,19440820
39075,19440820
41091,19700706
41091,19700706
41091,19810706
41091,19810706
41091,19790911
41091,19621126
41091,19621126
41091,19480326
41091,19880601
41091,19880601
41091,19790607
14056,19340308
52001,19460125
14021,19560625
41091,19890218
41091,19820421
4013,19871106
14019,19531109
14021,19740509
41101,20010506
8019,19780313
41091,19670401
41039,19970908
41021,20060401
66341,19840715
41091,19840809
41039,20071022
66341,19520308
46250,19670904
6158,19611221
11012,19750915
4037,19580307
4028,19560111
11029,19750619
11041,19800429
11041,19671121
30027,19660605
11033,19690418
4013,19790515
11020,19880908
18087,19601012
11027,19750308
11029,19811223
11029,19791228
11029,19830130
11041,19850713
11010,19750308
18089,19641201
4013,19841224
4013,19750712
23027,19560717
41035,19831128
11012,19710416
11012,19730821
11012,19730821
4013,19781206
51001,19641224
8279,19621123
11021,19750206
11027,19210318
8274,19731102
4037,19821006
11012,19871102
11020,19560404
11012,19821228
4086,19560111
41091,19841127
4013,19840429
4013,19820708
41091,19921023
4076,20040625
18027,19460805
4031,19600121
11012,19740209
11012,19840211
4067,19610331
23017,19630731
18181,19810129
11027,19780301
11020,19230604
4902,19940715
23092,19700226
8019,19751109
11012,19820630
4003,19840512
4029,19691109
4013,19711014
18056,19260217
18159,19340317
18101,19300820
18101,19300820
18087,19820415
18087,19440208
18087,19660322
18100,19690418
18087,19630720
18087,19790108
18087,19810809
41091,19980304
23024,19250520
41091,19970622
41004,19180527
41091,19790607
11012,19800429
41091,19770525
41091,19751009
41091,20000801
41091,19670627
41091,19811128
30027,19740615
41095,19630919
41091,19671105
41091,19690809
41091,19881028
11012,19670926
14060,19861129
41025,19880905
39087,19931213
14055,19600818
66341,19830610
41091,19710809
23060,19580224
29067,20091214
41017,19430221
41091,19931230
41091,20071024
41091,20080809
41039,20010706
41039,19700901
41091,20010811
41039,20071011
41091,20080414
41091,20080414
23050,19940321
29015,20090729
29072,20070111
18181,19480117
18037,19610505
18087,19590717
4093,19830106
4093,19830106
11015,19680606
11012,19680621
11012,19740727
11031,19620326
11015,19510907
11012,19840211
11012,19840211
11012,19480512
11015,19340202
11015,19340212
11015,19230508
11012,19770714
11012,19790223
11015,19650109
11031,19840922
11012,19780104
11012,19780104
11012,19910129
11012,19910129
11038,19621106
11003,19671126
66124,19010726
66124,20010726
11015,20010526
11015,20030816
66124,20010726
14021,19710619
29067,19850615
18087,19720421
18140,19641010
11025,19480417
29049,19801022
29067,19830226
41091,19760516
21007,19350520
41091,19671117
41091,19671117
41091,19800916
41091,19800916
41091,19760308
41091,19760308
11012,19701223
11012,19701223
23075,19450120
41091,19840607
41091,19840607
41091,19760829
41091,19760829
11006,19411020
11006,19411020
41091,19740227
11012,19770711
11004,19870219
11015,19830103
11015,19511007
11031,19931013
11031,19840922
4053,19830126
18181,19480116
17160,19920803
18022,19710818
41091,20010922
41034,19430218
18132,19150829
18905,19890409
18087,19930213
18175,19700613
11006,19900315
11006,19900131
18103,19900329
21013,19920530
41091,19900329
66345,19900222
29094,19551005
21074,19911021
21043,20010919
23062,19831230
23050,19690304
23050,19820910
23050,19870831
23050,19910102
23050,19910613
23050,19930704
23050,19900107
23017,19281007
23020,19911212
23050,19960628
23050,19970308
23050,19800125
23050,19890725
23056,19920404
23056,19911124
23092,19820829
23005,19970820
23050,20001026
23050,19990321
23050,20051231
28079,19930410
29008,19910821
29015,19770619
29094,19920518
29067,19940607
29067,19810414
29015,19840309
29015,19851204
29015,19910517
29015,19920407
29015,19891030
29015,19900725
29001,19970108
29007,20061229
18137,19270908
14038,19640915
21041,19870524
41069,19900405
11038,19930610
11020,19520608
11020,19900728
18087,19830308
18158,19790129
11012,19900416
4069,19900308
11006,19961017
11012,19970901
11022,19790906
23050,19781201
18175,20071002
23060,19770313
41091,19890802
11022,19880223
11022,19880223
23050,19900226
11006,19240904
11006,19400908
8019,19751109
11038,19930610
23050,19810528
23050,19720707
23050,19900530
23050,19900224
11012,19820102
11004,20000906
11038,20010831
11012,20020925
21007,19850313
11029,19911024
11029,19911024
29094,19450721
4095,19591119
11020,19971207
23050,19900107
23024,19720518
11039,20031221
11021,20030921
18087,20041225
4079,19900124
14021,19880502
23086,19900716
11004,20070908
29095,19490112
41003,19621031
11020,19630908
11006,19590624
23050,19810401
23060,19540308
11032,19851121
41091,19690324
14017,19810827
14021,19710501
41091,19811019
23050,19700522
23010,19760618
23041,19311215
23058,19240916
23067,19430506
41020,19550308
11010,19460530
11020,19890105
14019,19900121
11006,19941127
11020,19860709
11006,19921226
11006,19821031
11020,19810107
11006,19850514
14021,19880502
11020,19660619
41039,19851008
41091,19810515
11027,19310409
29067,19900803
11006,19840228
11006,19900131
11020,19891130
11004,19811115
14021,19911007
14043,19931026
14043,19851225
41091,19700413
51001,19740326
18158,19340821
23044,19581018
29015,19840601
14058,19330205
41059,19670618
41059,19800708
14021,19820108
66110,19630503
18013,19300927
11034,19940619
14060,19411231
14060,19580522
14060,19690917
18102,19950430
23009,19620531
29067,19610309
8019,19680907
14038,19860402
14050,19920201
41091,19881117
14067,19540524
14021,19620518
66341,19820308
41038,20051206
41091,19961023
11012,19930418
11012,19861030
18028,19900815
18087,19920601
11012,19741114
41045,19670611
50297,19771118
41013,19741102
29067,19620308
14065,19630418
14065,19550813
14021,19900410
18087,19901224
18187,19900405
18108,19730907
18087,19900205
8077,19901122
18024,19920722
41039,19811006
41039,19800224
41039,19830630
18101,19690418
18003,19670607
18102,19670927
18011,19940322
18087,19490522
18087,19840213
18087,19421203
4013,19920825
23050,19490301
18063,19930202
18193,19850423
18087,19830710
18122,19880425
66110,19950501
23010,19651102
18087,19800316
18089,19391215
18089,19300526
23059,19960729
23025,19970428
18100,19220416
23062,19371021
23062,19600725
23062,19880603
23062,19911010
23062,19460503
13090,19361213
23062,19470828
14021,19820423
14021,19570624
14021,19620508
14021,19580820
14021,19740616
18193,19250307
14021,19530818
14021,19751224
18087,19690814
18182,19590111
23050,19180624
23050,19810915
14055,19731008
18059,19140321
21078,19600527
23050,19481023
23029,19531206
18102,19130318
18102,19711224
18087,19940112
23012,19670831
18087,19850513
18105,19741211
18902,20080620
18173,19740307
18051,19321129
23050,19280202
23062,19520616
14021,20000728
14058,20001031
23050,19910527
23062,20021022
14021,20021016
18087,19551101
18087,19230907
18087,19640206
23901,19400522
23062,20030908
41091,19440114
23079,19880713
23079,19880821
23062,20060921
8114,19810109
41091,20010717
23087,19440430
23087,19420928
66344,19361208
23020,20080731
14021,20090306
18017,19851213
14021,20090808
18087,19830226
18087,19740410
41091,19701022
41091,19800708
41091,20060119
41092,19840609
41091,19740208
28079,19661125
41091,20080331
20069,19700307
28079,19641210
41091,19870605
41091,19790515
41091,19850822
41091,19921121
41091,19801229
41091,19800914
41064,20080704
41004,19710308
41091,19850811
41091,19790611
41091,19770531
41046,19761021
41046,19710426
41064,19950316
41091,19770629
41091,19690825
41091,19680601
41045,19930807
41091,19810531
41091,19710601
41045,19830831
41091,19661201
41091,19751210
41091,19751113
41091,19741203
41097,19970128
41091,19950918
41091,19691031
41034,19780525
41034,19780526
41087,19670123
41021,19991105
41013,19740121
41091,19691111
41091,19780913
41090,19620413
41091,19780224
41091,19910714
29067,19840806
18087,19480114
29067,19951231
29049,19660509
29067,19790520
29067,20050812
29045,19650308
29067,19740104
29067,19601023
14042,19600501
29067,19810414
29067,19750916
29067,19811228
29015,19750909
29067,19970315
29067,19681109
29015,19710416
11025,19480417
29056,19590623
29067,19710201
18153,20091215
41091,19810216
21041,19891224
23050,19420308
23050,19280829
23050,19490613
23050,19580405
23050,20001026
14058,19311028
23050,19561008
23067,19480110
23024,19730912
23095,19590923
23025,19890912
23050,19780220
23050,19480412
23062,19520616
23050,19560407
23050,19290306
23056,19871026
23099,19260626
23082,19810110
23026,19221115
23050,19810528
23050,19541201
23044,19630916
23050,20041126
23050,19360216
23050,19910819
23050,19910819
23066,19740607
23009,19661014
23050,20080910
23050,19640409
23050,19280314
23050,19700318
23050,19930704
23050,19810212
23044,19721121
23026,19310707
23099,19421023
23059,19790210
23005,19960204
23005,19960204
23050,20020409
23050,20081126
23050,19791014
23062,19310521
23009,19961104
23050,19810323
23055,19940515
23055,19940515
23010,19360404
23010,19841012
23010,19810421
23092,19770611
23092,19770611
23061,19730604
23050,19490217
23050,19470622
23050,19570613
23050,19380406
23060,19880828
23060,19450325
23060,19580203
23050,19900107
23086,19950530
23050,19870831
12040,19820427
23050,20091124
18902,19581117
18140,19830829
18140,19830829
18902,20080620
18087,19761022
18003,19780530
18087,19730423
14015,19350405
18087,19790306
18135,19690308
18051,19311107
18038,19730209
18046,19700926
18046,19700926
18150,19600828
18150,19740907
18084,19611103
23092,19500613
18101,19260824
18017,19880328
18164,19980527
18017,19810105
18087,19780812
18175,19580803
18087,19610415
18029,19620811
18100,19720924
18141,19320101
18180,19570514
18087,19590725
18140,19650227
18087,19720523
18066,19300820
18165,19310605
18022,19350930
18153,19671221
18022,19601008
18087,19860817
18087,19860817
18124,19900402
18087,19700425
18127,19670201
18087,19881204
18087,19730308
29069,19760703
18905,19160510
18127,19310912
11012,19890614
11004,19880606
11006,19330429
18158,19290704
18111,19300915
30030,19890126
18173,19881028
11026,19780220
23005,19540717
14021,19521129
14021,20020306
18087,19950503
18154,19590728
18087,19720618
18087,19941212
11006,20080820
18087,19240526
18087,19940312
18087,19620513
18124,19570224
11031,19880213
14058,20001031
18087,20000205
14021,19391120
14012,20010211
41091,20110610
18076,19991203
11020,19890106
14050,19241218
11031,19821030
41029,20120602
11012,19880227
14010,19320106
14021,20110331
14013,20110503
18003,19310606
18098,19690828
18101,19330308
4013,20130614
23055,19390221
11039,20031221
14038,19650318
18134,19361114
18905,19520729
18136,19781117
18187,19711119
18087,19500410
11021,20030921
14057,19571119
14069,19890420
14055,19470308
18188,19481019
50297,19660312
18108,19290829
11027,19920207
14013,19960906
18087,19781126
18087,19510820
4069,19900308
11032,19721221
11032,19521122
14021,19900722
14021,19900722
18108,19480407
18087,19601122
18132,19480920
18132,19740424
18132,19611013
18087,19791108
18087,19791118
21050,19950718
2003,19790830
4902,19990422
11012,19760719
11020,19450613
11020,19600304
11012,20111130
14021,19430520
14021,19530524
29015,19561217
18087,19730219
18175,19311129
18087,20060617
11006,19291009
11006,19690620
11015,20060708
14021,19820225
14050,20080708
23050,19360308
18013,19250412
18021,19351202
23050,19630108
4902,20030512
11038,19790123
11038,19840808
11038,19891105
18140,19930417
18901,19510813
23082,19660210
23098,19990531
14021,19690425
11012,19720314
18087,19711226
18175,19900416
18175,19600319
18157,19660606
23056,20030308
23020,20080731
11013,19930902
18087,19750606
18087,19910622
18194,19320204
23050,20101021
11012,19970901
18087,19421203
18087,19750927
18014,19600705
51001,19621011
11031,20100705
14055,19681007
14055,19720503
4079,19670301
11012,20041027
18102,20020701
18087,19830227
23050,20050610
14060,19750706
14013,20010819
23050,19961114
23050,19520117
11012,19320514
4902,20010904
41091,19720626
11029,19790615
14013,19900119
18907,20110608
21041,19450615
21049,20000512
66341,19561218
11020,19961210
14038,19860402
23050,19501224
14021,20070522
23050,19700326
23092,19290606
23026,19480907
11032,20080710
14054,19590609
14057,20130828
23050,19681017
23060,19470529
23065,19630418
23048,19471107
23050,20021021
23050,20030520
11012,19880811
11004,19991010
11012,20030110
18087,19441210
41064,20080704
18087,19641103
41017,20040129
41038,20051206
41091,20080908
41091,20120918
11020,19690106
18087,19911114
18013,19250412
14060,20010228
14060,20010228
18158,19820428
18087,19861014
11020,19971207
11022,20100605
18087,19860105
18050,19990624
11006,19961017
18087,19820127
18087,19640420
18013,19560308
21041,19960308
11012,19600827
14058,19300221
14038,20070608
41087,20041213
14021,19871217
18173,19670805
18134,19351119
41053,20061016
41039,20071022
14029,19960212
23010,19890619
18087,19951109
18046,19780916
11014,19680816
11007,19920226
11012,19320818
18122,19740623
41069,20000618
41069,20000618
14035,19520505
18153,20021001
8019,19890217
11012,19480120
11012,19860730
11023,19651031
41013,19971218
41091,20000229
11027,19710421
11012,19480807
11012,19811001
41056,20020325
41044,20110125
11004,19710924
41060,20001021
41101,20110308
11029,19820103
11029,19790615
11020,19950924
41060,20020624
11030,20121011
29067,19750207
18087,20021202
18038,20090216
18087,19950503
23050,19920922
23050,19820207
23062,20030908
23058,20091124
29067,19751205
29067,20120929
18153,20021001
18102,20030216
23050,19310112
23050,19820408
29095,19740408
18087,19710601
29067,19720527
5019,19800816
23059,19960729
66343,19420929
41091,19720217
23025,19970428
29067,19580111
41079,19970819
41039,19851206
18171,19311002
23050,19861129
23044,19300730
29067,19960408
29015,19630531
41046,19980321
18140,20040210
23020,19370824
29067,20000415
8270,19931023
41024,19550712
18087,20121220
23050,19960710
23060,20051112
23050,20120608
29067,19890626
29067,20000604
41042,19481214
41039,19960304
41042,19931213
18140,20011030
18102,20100704
23020,19580620
28079,19530209
29012,19730815
29067,20030916
41004,19850811
41091,19870320
18175,20071002
29008,19671115
29067,19550315
41064,19950316
18076,20080131
29067,19810822
29067,19691123
29015,19570917
18134,19700610
23025,19300801
29067,20080518
23029,19650916
23087,20020508
66126,19741204
29067,19940330
29067,19670615
41082,19580821
23902,19720617
23050,20020902
23050,20080708
29067,19750125
41091,19910910
18102,20020701
23050,19960628
23099,19970415
23050,19450423
29067,19500309
23044,19460906
41087,19881023
23005,19620410
23050,19710521
23050,19980307
41082,19981207
18122,20060215
23056,19980820
23050,20030520
18165,19371206
26089,19880809
28079,19731212
29094,19800314
29095,20111027
11020,19660916
23060,19291209
23060,19190323
41091,19920407
23012,20041210
29067,19820421
41091,19961023
14038,19920708
23007,20130920
66348,19990115
23056,20001011
14021,19620224
23062,20060921
23050,19590117
41091,19870430
23051,20001205
23058,20010222
29067,19930719
41046,20081031
23051,19360522
23092,20080621
11027,19711102
23056,19950509
29067,19740420
23098,19810807
23061,19280319
41039,19940328
41047,19531124
23050,19350908
23067,19290728
29015,20110111
23024,19250525
23088,19830620
23902,19881101
23050,19910527
29094,19920518
29067,20130130
23050,19890725
23056,19880119
29094,19930603
23024,19840531
28079,19950428
29067,19680409
29094,19931025
29067,19951231
29015,19950421
29015,19910517
29015,19920407
29015,19710527
29015,19691001
39087,19931213
41091,19630315
18087,20120207
23024,19890901
41091,20010811
21055,19710804
23014,19550808
23055,19950314
23092,19821102
23060,19981123
23005,19650507
29015,19900725
29015,19991111
29015,19991111
18122,20120327
21035,20121210
23061,19381106
23055,19940514
23092,19440403
23092,19860528
23092,19461127
41039,19941108
21041,19880112
23050,19890310
23050,19270227
23040,19240509
28079,19840311
29067,19540302
41014,19940429
41016,19951019
23092,19881111
41095,19951113
23092,19691009
23099,19620908
23051,19320306
23048,19260318
23064,20000208
29015,19731114
45202,19560308
23050,19300308
23009,20050405
41091,19920209
23087,19930115
23050,19601003
4013,19930705
29067,19940607
36021,19980120
41053,19910227
41091,19771118
50297,19771118
23050,19980220
23098,19551113
23060,19570324
23050,19971003
23015,19480530
29069,20050809
21013,19920530
23060,19950322
18100,19661117
11012,19880806
29015,20090729
18057,19950901
18157,20050624
17032,19790316
11020,19770127
11006,19520212
14015,19451117
14055,19710314
14058,19690308
14058,19351130
14021,19990905
11019,19460505
17118,19910820
18063,19891213
18140,19741007
11029,19830915
23050,19621213
11020,19941205
11020,19590221
11020,19850605
41091,20010812
23050,19320829
18087,19850204
18157,19450928
18157,19450928
18150,20030318
11020,19450922
11020,19740120
11020,19920123
14015,19620219
14058,19300221
18127,19510916
18127,19510919
18087,19930213
18087,19930711
11031,19710723
11004,19830706
14049,19560305
14021,19890216
14021,19640821
18087,19860715
18145,19560801
18149,19320127
18014,19460218
18087,19551002
18076,19991203
11012,19890114
14013,19350603
14035,19280308
18003,19950303
18003,19950501
18153,19601027
18100,19470610
18100,19420413
18100,19720707
18100,19420527
18100,19481002
18087,19550113
18087,19740613
11031,19711225
11012,19840824
14021,19950613
14021,19921113
14005,19940526
18087,19620309
18022,19541109
18087,19301011
28079,19761216
18100,19761003
18100,19380427
11038,19880602
11033,19941230
11026,19990616
14021,19920123
14021,19741025
14021,19310120
18013,19340914
11031,19931013
11038,19810622
11012,19730815
11022,20060410
18087,19410417
18017,19900706
18050,19990624
11006,19921226
14013,19510313
14015,19460213
14050,19501103
14021,19760409
41050,19920413
18100,19591205
18022,19660829
18022,19370302
18022,19480222
11012,19760623
14050,19920201
18101,19530526
18153,19671220
18022,19291029
18022,19460606
11034,19940619
11034,19930705
11012,19951208
14017,19810827
14035,19520505
14058,19661013
18111,19630517
18906,19680212
18140,19860215
18012,19700906
18022,19550504
18022,19400514
14035,19290326
14058,19560922
14058,19661013
18101,19300620
18101,19380425
18134,19390907
18021,19661109
18100,19530219
14052,19450329
8307,19680801
14017,19941107
14027,19951230
14027,19951230
14060,19920402
18087,19950308
18102,19901224
18102,19920616
18087,20000801
18087,20041121
11020,19890104
11031,19820225
11012,20111130
14058,19740623
14058,19330205
14058,19400203
14038,19961129
18087,19940112
18120,19800605
18127,19800122
18127,19860306
11012,19560819
18115,19390121
18140,19230124
18087,19470202
11012,19651029
11012,19690502
18087,19830111
11004,20070819
11004,19870219
23056,19691115
18013,19540518
18089,19400408
11006,20080315
18087,19920411
18087,19740912
14069,19371002
14021,19271118
14021,20120309
14066,20120724
18116,19290930
18087,19400301
4076,19750417
11012,19900830
11006,20141009
14021,19941229
18147,19960517
18087,19780308
18087,19860111
18087,19910710
18087,19280102
18045,19480809
18132,19990223
18087,19890806
18022,19990912
3059,20000427
11012,19850912
11012,20140124
14027,19540124
18087,19321004
18087,19920601
18006,19300421
18089,19501223
18087,19840507
18158,19290704
30016,19890117
11041,19700710
14058,19650202
18087,19690627
18905,19840623
18137,19371217
23064,19310824
18173,20030106
66341,19551218
18140,19741007
18111,19610622
18175,19610224
66341,19830624
18087,20060718
18087,20060618
18087,20120810
11032,19780223
14038,19961129
14021,19990905
18079,20040521
18079,20040521
18175,19350330
18022,20040905
18087,20041009
11020,19441023
11020,19950501
11020,19970630
18087,20140918
21041,19780726
11012,19750915
4013,19840305
4013,19840305
4013,19851221
4099,19230814
4099,19330701
18089,19400408
4071,19530305
4003,19470910
11031,19480908
11031,19630501
11031,19630501
11015,19640303
11012,19751018
11015,19450105
11004,19291108
11015,19591027
11012,19830309
11012,19830309
66303,19630308
66303,19630308
11015,19980505
11015,19980505
11012,19651029
11031,19670314
18003,19300320
18140,19730415
29067,19721206
29067,19650304
18173,19560213
18173,19800816
23050,19531011
29054,19840224
29054,19840224
41065,19591117
6069,19481227
11041,19760129
29067,19820910
18089,19630126
18057,19450420
41091,19700614
41091,19850110
41091,19850110
30030,19291130
11012,19690307
11012,19690307
41091,19600509
41091,19600509
41091,19901229
18087,19340224
41091,19671105
41091,19671105
14021,19611017
14021,19611017
41091,19670624
6061,19370402
41091,19891005
41091,19870430
41091,19870430
41091,20000801
41039,20010706
41038,20010808
41091,19880815
41091,19880815
18122,19450904
66110,19931014
18087,19690308
41091,19900708
23050,19580308
23044,19550525
29067,19480807
29067,19780316
29067,19780126
29067,19660703
29067,19930719
41091,19711011
18098,19420301
18087,19700902
41091,19820304
11027,19790219
11027,19730624
23050,20000919
18107,19881219
18109,19730103
18184,19801228
18165,19591230
23050,19670618
23050,19930403
23050,19881217
23060,19580711
23060,19650519
4013,19730227
4052,19730227
4071,19440308
51001,19840623
18051,19500219
23060,19780610
23060,19641215
23060,19850802
29067,19730327
29067,19661029
29067,19430108
11012,19710522
3083,19750511
25120,19761210
18909,19690808
18087,20000205
18158,19710308
18158,19810328
18022,19310920
18022,19541030
23007,19490703
29067,20000415
4053,19830126
4013,19830525
11027,20060516
18087,19700726
23007,19211101
23087,19891219
41039,19770602
4013,19850131
66341,19561218
4013,19810108
18087,19740326
18087,19850216
28079,19730717
23005,19160403
23086,19220822
8270,19931023
4013,19851221
11006,19821105
18087,19910425
18087,19901224
18175,19300327
18087,19841019
21029,19310208
21035,19670423
23018,19830214
23007,19520419
23005,19610528
23050,19870811
23050,19510726
23005,19790322
29067,19941215
29067,19650505
29015,19760213
41091,19380301
18089,19590511
14029,19671127
18107,19870416
23002,19180824
29094,19880920
14013,19790324
14017,19941107
18165,19350213
18087,19690418
18087,19800107
23086,19970101
23050,19711212
23056,19800719
23002,19940709
41042,19770912
11020,19730603
14021,19830222
18063,20070504
23064,19680602
23092,19810223
23050,19780308
23026,19510610
23902,19230817
18087,19871109
11038,19810617
11006,19710309
14037,19850912
14038,19780109
18022,19591028
21041,19450412
18135,19600101
23050,19820901
23044,19610419
29067,19960829
14066,19801223
14021,19800317
14021,19570727
21010,19720913
29067,19300303
11007,19650417
18087,19640420
23058,19670308
23050,19740617
23050,19660423
23066,19750527
23026,19220409
23029,19570527
23088,19330530
23088,19741104
66343,19571220
4079,19730620
4086,19630228
11006,19400429
11006,19761123
14056,19770107
14021,19610127
14021,19790809
14021,19590527
14060,19440305
66341,19830610
4029,19820628
14057,19630427
14065,19550813
23056,19770913
14073,19740802
18134,19480426
18134,19590601
18108,19240503
18018,19410529
18087,19871030
18087,19610326
18087,19960824
18087,19960824
18122,19480419
18122,19480419
23067,19490101
8114,19781121
41091,19740630
11012,19660924
11039,19151009
14013,19341229
18121,19580122
4013,20011004
4006,19741019
4035,19810521
4086,19800314
41091,20001128
18006,19510624
4003,19690618
18087,19390930
41091,20010922
29015,19480310
4013,19740122
4013,19550116
18089,19811102
30030,19701120
4902,19990422
11012,19440604
11006,20070719
18175,19900416
23050,19350918
23050,19410914
23050,19570612
23901,19620210
23050,19250504
23050,19250503
23050,19530613
29094,19931025
29094,19930315
41091,19910910
41045,19930807
41091,19971119
18087,19920620
18087,19970415
39087,19931213
41091,19900209
41014,19940429
41029,20080116
14049,19920802
6083,19680312
23050,19640119
23050,19520214
29067,19931015
11038,19550501
21043,20000730
41097,19970128
41039,19940328
14049,19580624
14049,19570625
14021,19870524
14057,19800927
43005,19630419
23093,19290228
23050,19340111
23050,19301021
23050,19661013
23050,19410819
29067,19920727
18087,19850627
11022,19920407
23087,19640515
23050,19580128
41039,19990915
41091,20000212
41091,20001128
41039,19860925
41039,19840826
11038,19810622
11006,19700401
18089,19300530
18140,19930417
23060,19720406
29067,19880429
29067,19880208
41005,20031110
41017,20040129
11022,19920701
11032,19930415
11020,19980726
23050,19970403
23063,19550829
41039,19950328
11020,19570328
14021,19900926
14021,19920123
14021,19920511
14021,19871206
18140,19980616
18158,19440803
23055,19840124
29067,19840127
29067,19820920
41039,19800224
41039,19830630
41013,19971218
11006,19560626
11007,19920226
14010,19320105
14013,19900119
14021,19871110
14021,19610127
14021,19890216
14021,19920524
14021,19891216
14021,19921113
18158,19371209
18175,20000712
18158,20010112
23065,19630418
23082,19810110
29067,19880325
29067,19950724
14021,19921026
11032,20070120
29067,19890626
29051,19961119
29067,19971031
29084,19950505
41091,19751129
41091,19920703
14043,19851225
14055,19710312
18122,20060215
23010,19920826
23086,19831029
29067,19881102
29067,19900216
41091,19930430
29067,20031119
11020,19910712
11020,19951214
14058,19411003
23093,19621215
23056,19950509
23056,19880119
23056,19320614
29067,19820420
29067,19891023
29067,19920326
41091,19951127
29051,20070621
41082,19810922
41091,19780608
11020,19941205
11020,19950501
11020,19910121
14021,19970321
14021,19970709
14055,19500531
14069,19890420
21053,19480530
18087,19750726
29067,19790705
41039,19941108
41068,19910105
14038,19200831
4013,19950516
4003,19500905
11012,19740209
11007,19211021
11020,19830227
14021,19990707
21041,19940619
21044,19980305
23050,19800905
23058,19960104
23050,19900511
29067,19831010
41068,19910320
41091,19941027
11031,19770422
11020,19970630
21070,20051106
23050,19891223
23044,19990131
23009,19961104
29067,19860802
29023,19460529
41068,19650913
41091,19960227
4102,19800915
41091,19750307
41091,19830526
41091,19910405
41091,19801229
4013,19450531
4013,19930222
11012,19851231
11012,19880626
11031,19880213
11031,19660915
23062,19911010
23050,19600909
23058,20010222
23050,20030407
29006,19970315
41091,19840809
41091,19900623
14060,19920402
41091,19620315
29084,19500311
4013,19820708
11041,19840425
11041,19640820
11020,19960205
18087,19961118
18064,19220622
18083,19680816
18102,19901224
18111,19390204
23050,19700519
23050,19920922
23058,19641117
23050,19900226
23050,19430103
18089,19400307
41091,19920209
15036,19800923
14021,19970930
41097,19640113
11031,19540926
18087,19841004
18180,19570513
23050,19571209
23050,19700507
23050,19600421
29005,19810406
29049,19930903
29067,19910316
11020,19570914
18098,19890630
41091,19920407
4013,19970402
4013,19971119
11006,20031122
18087,19910319
23051,19320326
23050,19580925
23050,19600317
41091,19950926
11012,19880626
18127,19940514
18109,19730913
41091,19911115
41091,19910714
14012,20010211
14038,19310820
11020,19400814
14021,19780922
14021,19591030
14021,19960330
14021,19660325
41086,19800705
41086,19800705
14043,19931026
14035,19420208
14055,19740107
14055,19710602
14060,19930226
14021,19791208
14058,19650202
66110,19931014
14058,19411003
14058,19411003
11026,19490923
11038,19680830
11012,19820102
11023,19530202
18017,19340329
11012,19840824
8019,19620426
11004,19800115
11012,19540813
23010,19551225
11006,19730406
11006,19851018
11031,19620510
11022,19720506
66341,19680119
11012,19630504
11020,19750104
11020,19431014
11027,19310409
11020,19620719
11012,19730808
11022,19840502
30027,19690208
11031,19570308
11038,19880620
14055,19360316
11032,20040201
11032,20040129
14013,19770225
11028,19990629
11004,20021107
11004,20070819
11012,19981228
11038,20010831
4029,19690919
4079,19900124
23095,19420328
4902,20090121
18064,19220720
18087,19780622
18087,19780622
18193,19850423
18087,19810809
18087,19801203
18051,19340308
18102,19830318
18102,19830324
18102,19820308
18102,19830308
18164,19980527
18087,19560308
14021,19770109
18905,19840623
18057,19950901
18057,19540304
14058,20020429
15030,19620925
18087,19840902
18087,19961017
14021,19430519
14017,20020818
18087,19640119
18135,19220204
14054,19780718
14001,19561103
14055,19500727
14055,19250327
18087,19600525
18087,19771011
18087,19700303
18014,19890825
18140,19820226
14058,19271121
14058,19300609
14021,19620818
18087,19280110
18017,19900706
11012,19880704
11006,20080820
11020,20000723
11015,20010526
11012,19880527
11018,19300115
11020,20110721
11004,19750909
11012,19830612
23050,19290215
11038,19930610
41076,19360924
11020,19720427
30016,19651219
11012,19680427
11012,19691202
11020,19730603
14021,19690425
11022,20100605
11012,19840714
41091,20071224
41046,20090126
41091,20080908
41001,20100621
41079,19970819
41091,19790911
41058,19290822
41091,19770118
18089,19340322
41046,19980321
41056,20020325
41042,19830718
4063,19570803
41053,19950217
41053,19950217
29094,20110731
29094,19661227
18153,19780830
18907,19271024
18059,19460410
18087,19800105
11006,19800413
11006,19780530
11006,19560308
11006,19761030
18087,19910620
18087,19910620
18067,19491030
18014,20060720
23050,19900224
23050,19910919
23050,19870126
23050,19910415
23055,19640127
18087,19640605
21050,20110413
23024,19530713
18087,19860105
18147,19950423
18127,19800118
23020,19911212
23087,19290502
11014,19520403
18102,19350223
18144,19230529
23087,19921209
23075,19870818
14013,19681215
30030,19890126
18193,19810308
18076,19610404
18902,19690731
18908,19760923
11012,19860730
11012,19680130
14021,19480610
28079,19930721
23093,19260715
23056,19920404
23056,19911124
23056,19400513
23038,19630825
18087,19510425
18087,19700807
18087,19270525
18087,19771011
18905,19550630
23002,19290214
23044,19250127
4070,19660408
11902,20120226
14042,19520107
18087,19791208
18087,19260602
18087,19260602
18022,19210414
21055,19490117
23092,19891202
23092,19510211
23092,19680504
23092,19820829
18087,19901015
14049,19920808
18022,19320528
18135,19221128
8101,19781230
18087,19670116
23026,19360426
23026,19200725
7040,19910624
11006,19540222
11012,19830814
14021,19500830
14021,19861206
18087,19331215
23902,19890124
23020,19981224
11020,19881217
11020,19900728
11020,19480420
23056,19660724
14021,19660513
37270,19600822
18087,19210916
18087,19950816
21035,20000905
23099,19921001
23050,19540418
4013,20000411
14038,19450628
11027,19860309
11032,19480827
11020,19910121
11020,19711007
14055,19320104
18087,19441101
18132,19760220
21055,20030913
23035,19740908
28079,19930410
11041,19470213
14058,19330306
18124,19900402
18057,19350329
18037,20120319
23050,19420901
23050,19900225
23050,19890315
23050,19901108
14058,19450911
14021,19970709
14069,19890420
23058,19570729
18024,19920722
23050,19850825
23050,19860825
23050,19720528
23050,19241215
3014,19750322
29067,19970808
41091,19900209
29067,20050812
41004,19710308
41068,19910320
41004,19651227
41091,19971206
41058,19711026
29015,19690330
29023,19460529
41078,19501213
29070,19960408
29067,19771231
29094,19180406
41021,19500308
11012,19650715
18911,19480114
29015,20000124
29015,20000124
29067,19520708
29067,19910316
28079,19450211
66303,19961115
29067,19960101
29067,19831010
29015,19650308
18905,19240805
41101,20010623
29015,19851204
41042,20080925
52001,19970603
41016,20090830
41058,20100621
41004,20071108
18087,19880926
18087,19890628
18175,19650120
18087,19911114
18087,19850330
18059,19430525
18056,19820406
18087,19940312
18087,19361020
18087,19850313
18089,19820227
18087,19980428
18087,19980522
18122,19880425
18122,19880424
18087,19901226
18158,19820428
18136,19860615
18087,19980708
18022,19700510
18087,19890717
18103,19900330
18154,19590728
18087,19860111
23050,19840526
18087,19860715
18028,19560829
18127,19610316
18127,19500307
18087,19850315
3014,19860812
18158,20030129
51001,19641024
8077,19901122
18140,19850913
18087,19861012
18087,19391218
18087,19391218
18087,19910710
18173,19520901
18127,19500307
18087,20021202
18087,19710929
18087,19400322
18087,19850204
18122,19900504
18087,20010108
11012,20081028
11020,19850820
11020,19860225
11020,19861129
11020,19951214
11020,19860323
11020,19500318
11012,19990217
11023,19530316
11028,20000822
11012,19770508
11038,19870430
11038,19891105
11012,19861030
11028,19940108
11004,20090720
11006,19890613
11006,19840430
11006,19881013
11020,19830227
11006,19900131
11006,19761010
11006,19761030
11012,19780108
11031,19540906
11012,19880622
11012,19470715
11022,20060410
11012,19851231
11020,19830710
18003,19860105
18003,19790615
18087,19900923
18087,19851225
18082,19830715
14058,19520202
18098,19890424
28079,19770129
18087,19881204
18012,19340117
18102,19660124
18102,19260308
18087,19870525
14050,19480118
14021,19891130
14050,19981215
18173,19881028
18173,19870206
18062,19260531
14021,19871110
14021,19920524
23010,19890619
14055,19740821
18087,19920411
14055,19320104
18003,19431123
13054,19400829
14021,20000407
14021,20000407
14005,20080403
14021,20120309
11012,19891019
11020,19890105
4013,19790318
11020,19880305
11020,19880304
29067,19370112
4013,19990521
11020,19250915
4016,19890411
4070,19660408
31251,19220326
41091,19961025
41069,19900405
41091,19481018
41091,19960227
41091,19860630
36021,19980120
18098,19330108
41091,19881212
41091,19860602
41091,19890708
41039,19881209
11026,19530322
41091,19860901
41082,19980515
41091,19851023
41091,19951111
41039,19570505
41091,19270904
29067,19850615
23098,19191222
23902,19501214
28079,19460404
23050,19800123
23044,19620908
23044,19590108
23056,20001011
29067,19810822
29094,19490906
29067,19891023
23026,19760818
23026,19760818
23026,19310707
23088,19891105
29067,19900803
29094,19890822
29094,19890424
23050,20100205
23048,19811028
23050,19971003
29005,19810406
23050,19361004
23050,19340113
23050,19800322
23097,19590407
23050,19910328
23086,19740121
23093,19301004
23092,20110921
23050,19781201
23050,19990611
23002,19810322
23002,19730308
23050,19590117
29067,19660915
29067,19781125
29015,19950425
29015,19950425
23009,19680501
23044,19240815
23044,19660307
23050,19890706
23044,19350202
29015,19891030
29067,19810414
23092,19890713
29067,19970808
29049,20050114
29011,20080314
29067,19870628
29067,19641009
29067,20000330
18087,19950710
18087,20041009
21010,20101012
18087,20060617
21043,20010919
18087,19960518
18087,20060623
41091,19950627
41091,19950627
21043,19670822
21021,19701011
18057,19820706
23050,19950509
23050,19430620
11012,19910129
11012,19790901
51001,19730624
42173,19950201
41023,20100712
41016,20090830
41091,20000229
41091,19961023
11012,19830515
4076,19531203
4076,19750417
41091,19921023
7040,19981029
28079,19730709
4013,19920825
4013,19930517
66340,19930510
23050,19530220
11020,19650315
4013,19930222
8015,19660102
14038,19450628
11012,19741121
41101,20010506
29067,19820420
41091,19900623
41091,19910405
41058,20090714
4013,19950516
4013,19751024
29017,19790202
23050,19260426
41039,19681217
4013,20000411
29001,19970108
29015,19490423
41004,20071108
41068,20071108
29067,19730108
29015,19840601
41091,19820427
23025,19290618
41091,19900707
14021,19620224
29095,19731111
41091,19881024
28079,20110221
11006,19570323
41091,19820614
29067,19970315
41091,19400226
29067,19830720
29067,19640712
29094,20120611
41091,19530429
41091,19671101
18087,19510314
29095,19710905
14066,19431006
14021,19900410
11006,20070719
18115,19640816
11006,19941127
11006,19580114
23064,19250525
18014,19600704
4013,19890917
11023,19231003
14013,19960906
18035,19290926
11012,19380331
11020,19630927
14013,19890326
14013,19900119
18140,19640201
18087,19770421
11020,19450219
14055,20030614
4013,20011004
4013,19830218
4013,19830218
11022,19571011
11012,19580720
11012,19880609
11012,19880609
11012,19880609
11031,19931013
11015,19830103
14058,19230517
14021,19710211
14015,19381209
18057,19260309
18089,19640529
23050,19670322
14021,19561214
29067,19770316
14069,19570512
41091,19671101
41091,19680601
41091,19830119
41091,19830119
41091,19830119
41091,19481018
41091,19491130
41091,19491130
11010,19270422
41046,19370524
41091,19500814
41091,19500814
41091,19290419
41091,19801219
41091,19801219
11012,19790901
51001,19921230
41091,19740227
11022,19571011
29067,19811102
66345,19900222
29051,20070621
29051,19961119
29067,20031119
18098,19890630
18175,19590323
18087,19920620
18087,19880418
14021,19530325
18017,19770118
18087,19990226
18184,19350305
18127,19940514
23019,19550418
14021,19990412
18057,19391013
18140,19770827
46250,19640216
14060,19920402
18905,19221202
18087,19530228
18109,19730913
18087,19970415
14021,19970930
18175,19700613
18140,19650227
18087,19721025
11012,20070220
14021,19931105
14021,19931105
18087,19770226
18157,19660706
18140,19980616
23035,19690811
23050,19670327
23050,19310207
23087,19230312
28079,19740816
18087,19551231
29067,19730727
29067,19701206
29067,19600221
29067,19430506
29067,19450901
29067,19880208
29067,19490228
41090,19310726
23050,19571027
29067,19590718
29067,19690328
14009,19480119
23056,19270106
29067,19660628
30030,19510914
29067,19781209
29015,19710416
29015,19620111
29015,19770711
14001,19640815
29067,19670607
29067,19811223
29067,19841020
23061,19561017
29094,19551005
29067,20060204
29097,20060309
29067,19790520
11004,19570308
29067,19840127
41091,19800207
41091,19730119
23055,19640127
18087,19640302
18083,19680817
18098,19220308
18087,19290725
18101,19720108
18102,19781221
18087,19251108
18119,19230524
18105,19410320
18028,19500820
18087,19610308
18158,19470106
18022,19810214
18087,19740909
18022,19270329
18087,19740214
18087,19980704
23050,19820207
23050,19730821
23050,19850802
18173,19730721
29067,19490305
28079,19730222
29067,19590308
29067,19931015
29012,19710505
14058,19540504
29067,19820920
18087,19350313
29067,19911220
14009,19840927
14010,19781104
18147,19600828
18087,19681121
18011,19940322
18028,19900815
18087,19370314
29067,19760318
29049,19690613
29069,19431225
29051,19740715
29067,19740224
4013,19460412
29067,19730420
29067,19670602
41091,19660804
41091,19770629
18089,19620601
11014,19660902
29084,19681208
11012,19800726
11012,19540813
14019,19731123
14024,19720223
41086,19800705
18087,19350807
66341,19820308
23050,19370919
23050,19700807
23050,19590326
23050,19910102
29067,19621130
28079,19380904
29067,19771025
29067,19880325
29067,19540308
41091,19971206
4049,19790223
11041,19840814
28079,19810528
11012,19281015
14052,19450329
14038,19400913
18087,19790318
18103,19900329
23060,19720406
23060,19950322
23060,19930201
29094,19861030
29045,19650308
29067,19681109
29067,19691113
29067,19560423
28079,19460212
29067,19881102
29067,19530602
14038,19800526
8019,19620726
18087,19781129
18107,19850320
23055,19840903
18102,19410118
18087,19730105
29012,19781221
18087,19500420
28079,19461209
29067,19740208
14021,19340820
29067,19590827
29067,19660223
41082,19980515
14011,19680220
18087,19690327
11020,19590516
23087,19290716
23092,19851111
23050,19650618
23050,19530419
23050,19311120
23005,19670205
23050,19780228
28079,19700119
18098,19350804
29017,19650410
29067,19920727
29067,19640403
29067,19280802
66228,19560731
29067,19540308
29067,19920326
11031,19711231
14021,19620510
14021,19630924
14021,19900926
18157,19430526
18100,19541230
18087,19690701
18099,19600510
18087,19690627
23010,19890808
23051,19171115
23093,19440416
23093,19761108
18087,19850627
13033,19341121
29067,19820308
29067,19430624
4013,19400515
2039,19520306
14060,19771227
41091,19780928
41034,19640831
66303,19961115
14013,19330308
14021,19660220
14021,19630415
18087,19941120
18087,19760514
18154,19610407
41091,19610131
23044,19420621
23044,19340814
23017,19290612
23044,19460904
29067,19640603
51001,19621215
29067,19830403
11012,19830103
11020,19550812
11020,19801201
11020,19430323
11020,19781027
11006,19280713
11020,19760402
14021,19891216
14021,19790717
23044,19360128
29069,19750703
18087,19791009
23058,19810313
23050,19900511
23067,19240624
66110,19681031
23063,19510617
23088,19280917
23902,19580506
29067,19650602
29067,19720514
29067,19820922
29067,19790705
29067,19750315
14043,19730903
18087,19780314
18087,19610117
14015,19350405
21050,19560103
23050,19871223
18105,19980805
23044,19210508
23044,19320315
23050,19311213
23012,19561011
29067,19790412
29067,19780118
29067,19510215
29067,19940330
29067,19660628
29067,19530130
29067,19740227
23050,19410601
11004,19770126
11019,19421116
14066,19220527
29070,19960408
41087,19670123
11012,19680906
14060,19750706
14037,19850512
8019,19711116
18132,19870906
18108,19310501
18905,19790308
18022,19270422
18022,19690301
18021,19670202
18115,19390122
18102,19390122
41047,19361217
23062,20030702
23050,19300213
23050,20040807
23050,20051231
11012,19540815
29067,19650120
18087,19611014
23050,19630216
29067,19701012
6015,19500308
29067,19860802
29015,19650228
29067,20000421
41091,19670709
14055,19500731
14021,19990321
24098,19620923
23075,19170925
29067,19880429
29015,19760731
29025,20040316
11022,19740528
6015,19771207
18006,19810824
11006,19821031
11006,19521121
14005,19940526
66345,19660308
14021,19590311
14043,20030416
18063,19930202
18071,19660322
23098,19461208
29067,19530323
29067,19831128
29067,20050130
41091,19530429
8193,19780313
14021,20050313
18087,19800118
18087,19601024
18145,19530904
18140,19551029
23062,19621210
23062,19310228
29067,19500410
29067,19810117
29067,19810414
29067,19671222
11006,19730808
11006,19760510
18087,19891231
18087,19630501
11028,19990629
11020,19160402
11012,20000422
14001,19560408
14021,19941229
14021,19710606
6149,19551210
14002,19500320
14021,19521129
14043,19780724
18087,19610407
18087,19621012
18087,19270416
21010,19611115
23050,19310808
23012,19800518
23060,19621006
4013,19930705
29067,19640426
41082,19630630
41091,19810531
41091,19890531
41091,19880910
41039,19750612
41091,19740426
41091,19931230
41091,20010215
4031,19671229
11012,19820907
14055,19760106
41091,19810216
14037,19840423
29084,20020430
14058,19780407
14021,19640920
14021,19280516
14069,19950112
8121,19770223
18087,19301218
18087,19750927
18084,19750927
23050,19440216
23067,19521004
23050,19760808
23050,19370831
23050,19820324
23050,19380801
23050,19180907
29067,19650119
29067,19770316
11004,19840714
14021,19481223
11020,20040731
14021,19980821
14058,20020429
18059,19170323
66110,19680318
18178,19811107
18134,19700710
18136,19240308
23060,19810402
23060,19340117
23060,19661222
23060,19780523
23024,19111124
29067,19390630
29067,19630430
41039,19811006
8019,19820728
11012,19311213
66110,19660128
18087,19610326
18079,19781218
23024,19750112
23004,19150308
11020,19741227
66220,19810304
18003,19381222
29067,19440710
29067,20060204
11031,19560125
11031,19590802
11031,19821030
23092,19931105
18067,19690411
18153,19720311
18087,19670925
18003,19320811
18003,19461010
18175,19700403
18022,19530407
29067,19450619
23055,19520424
29067,19721206
66343,19420929
29015,19490308
23097,19640220
41041,19760221
41091,19800908
41091,19610504
41091,19500508
11031,19711108
41091,19410121
14021,19661023
14004,19640228
18013,19570621
18098,19250820
18087,19950308
18045,19480809
18079,19580214
18056,19820406
21041,19960308
23079,19740801
23007,19820511
29067,19711121
29049,19770619
29049,19800329
29056,19640413
41091,19810927
41058,19300506
11041,19691109
14019,19731123
18162,19540222
18147,19960517
18111,19700308
18154,19861010
18173,19820306
18089,19760329
18109,19380506
18108,19310807
8305,19770311
11020,19670823
11041,19880929
11041,19551018
18087,19140202
8102,19690712
18087,19400308
18165,19640520
21055,19751119
23005,19510115
23005,19540508
29062,19830622
29075,19780219
29094,19930603
41091,19870225
18906,19690615
18194,19570503
23092,19671110
18023,19640315
18023,19480306
21076,19901111
23086,19940822
23051,19270717
29067,19670909
23001,19870919
29084,19801127
41016,19870823
41091,19930228
11032,19741113
11022,19910511
11020,19830710
14038,19920708
18140,19770827
18022,19290125
18022,19690813
18022,19261120
18003,19251130
18022,19291121
21061,19800806
23002,19190308
41091,19870201
41091,19850826
14011,19300627
41091,19540202
11020,19740217
11020,19950924
11020,19801126
18140,19310720
18175,20010528
23009,19671215
23050,19690908
23044,19721121
23092,19890713
23092,19891202
50297,19770719
23051,19750925
23058,19690816
41091,19890708
14038,19450628
18087,19350425
14013,19290308
8019,19670303
8019,19840603
11020,19630718
11006,19581215
11020,19751220
29015,19631216
11006,19740901
11020,19910214
11020,19720722
18087,19800407
18087,19690327
18087,19621218
18087,19740625
18003,20020410
18087,19670522
18018,19670522
21055,20030913
23053,19240403
23901,19240202
23050,19580803
29067,20000604
41026,19870612
41091,19881117
41091,19750603
14013,19551119
11032,19920616
14050,19450702
14054,19780718
14054,19880730
14054,19700719
18087,19780211
18111,19600308
18173,19660423
18004,19640827
23902,19720217
11006,19580503
11038,19730308
11020,19851018
11041,19980206
14073,19880528
14050,19200524
14021,19760610
14021,19410329
14021,19721128
18087,19570216
18051,19771215
23067,19430604
18038,19441129
66341,19710202
23061,19771221
23050,19330917
23050,19690203
23050,19770930
23044,19510321
23050,19680627
29067,19780215
41091,19791006
41091,19481215
41091,19760106
14021,19870504
23050,19760920
14021,19820711
14021,19820225
18175,19700809
18087,19620407
18087,19690308
29901,20040308
41091,19740426
4045,20000107
14021,19640821
21042,19590408
41016,19951019
41016,19730518
41017,19601014
41042,19810320
14005,19640924
41055,19510421
41091,19670401
14066,19450723
14021,19780918
18127,19791023
18087,19601126
66341,19820308
66348,19700224
14054,19780222
17066,20040119
18003,19310927
18066,19310630
23009,19620531
18087,19550726
8019,19720626
14021,19851012
18068,19380301
18907,19680422
18138,19961017
23058,19230812
41091,19470217
14038,19581022
11012,19740511
11012,19811001
3015,19440624
18076,19680215
18102,19241202
18115,19490621
18087,19320529
21041,19930610
6015,19610324
41091,20051217
8009,19910427
14060,19741202
14060,19760213
14058,19300715
18046,19800914
18158,19760107
18087,19671103
18087,19470308
18022,19550825
23050,19131124
41050,20010612
18087,19640229
18087,19670721
18087,19690714
29067,19840419
29067,19580220
11012,19771224
14021,19980427
14021,19990412
23002,19140811
18054,19660722
18087,19990226
23098,19280105
29067,19690125
41038,20030621
41059,20040202
11020,19680405
11006,19551024
11020,19691017
11006,19771117
18087,19800107
23098,19210308
23073,19670327
18122,19450904
11027,19771105
11020,19720327
11020,19780516
14021,20040325
18022,20040905
18087,20060219
23050,19650515
23050,19631127
28079,19140310
29012,19631112
11020,19260416
14055,19690510
11027,19741115
23050,19430128
23050,19580303
23018,19640317
29067,19900407
3083,19750511
11012,19770610
11029,19791218
18003,19790615
18003,19651112
23067,19321220
18087,20061228
23050,19950509
23050,19631020
29067,19740616
41091,19780913
66341,19840715
11023,19640716
11020,19990607
11012,19991020
23050,19700622
18087,19500411
18108,19560408
23050,19630901
23050,19641101
29067,19610402
29067,19730915
18087,19610909
23050,19710814
18003,19780727
18098,19350712
18102,19701003
18154,19610621
18173,19621009
21041,19880524
41055,19660114
41091,19710819
41091,19830913
41091,19840803
14021,19880716
41091,19780409
41091,19780415
41025,19740302
41025,19840926
41091,19860902
18087,19870511
11012,19500928
41016,19370117
41035,19701124
41053,19871213
41091,19920323
41033,19871002
41091,19920116
14065,19600307
14058,19720602
4013,19820823
4013,19790515
4013,19890821
41087,20090625
41091,20071224
41060,20081126
29067,19880505
29067,19880505
23050,19611211
29056,19551227
29015,19670504
23903,19920818
23050,19940322
18087,19510223
29084,19890106
41046,19520316
23050,19960703
23060,19630126
23050,19880204
23055,19600726
23099,19320916
18087,20021028
23020,19801226
23025,19240606
18003,20030308
23050,19271117
23050,19380322
23087,19870222
18087,19961116
23050,19420103
18066,20061007
23050,19531209
23010,19770213
23050,19581023
23050,19581023
23051,19820617
13039,19380905
41047,19361217
23060,19930201
23069,19871026
21041,19940619
18023,20080111
23050,19760506
23044,19760506
18003,20080109
18087,19520823
18022,19470218
18164,19640624
14021,19550213
18022,19420308
18022,19260617
14021,19650915
18087,19980604
18102,20160604
23060,20030520
29067,19490306
29067,19950724
30024,19730414
18120,19310822
29015,19500310
11006,19580503
14021,19370820
14054,19520308
51001,19750112
14058,19650420
11020,19620528
18158,19660408
18145,19540403
18140,20170610
41068,19910320
18102,19611122
18105,20000220
23087,20080708
11041,19861006
14055,19470308
23050,19800311
14055,19610308
18087,19700807
23018,19250503
11032,19851121
66110,19690522
21041,20050919
66351,19580623
41091,19780209
41039,20170524
18911,19470322
18087,19340410
41091,19900128
14021,20020420
18087,19420729
18087,19521007
18050,19571106
41091,19820308
18108,19430202
18108,19290928
18108,19700919
18108,19730907
18108,19490905
23095,19670907
41087,19791006
18087,19900416
18175,19960416
23053,19471229
23902,19570718
18038,19701004
41091,19990911
4013,19791220
4052,19851221
41091,19820304
18108,19590106
4013,20010126
41091,20110610
18181,19520919
18089,19620601
18141,19520628
4068,19131108
4050,19580811
11021,19690426
11012,19740209
11022,19760113
11022,19760113
34131,19400801
14021,19650828
14014,19590619
23079,19431124
21055,19740222
41081,19601021
18121,19580122
29067,19940125
29067,19770302
23025,19300730
14066,19220527
18087,19210912
41091,19771005
3014,19810617
49275,19501002
41091,19791107
11022,19740528
41091,19900708
41091,19880913
41091,19880913
41091,19571007
41091,19561009
41091,19750617
41091,19590610
41091,19920323
14010,19510103
14058,19650420
23044,19601218
41091,19880910
29067,19810322
11020,20051215
11012,19830612
11007,19211006
11032,19930415
11038,19550501
11032,20070120
13034,19550328
11012,19880625
11012,19880625
11023,19421013
14021,19780228
11006,19650414
11022,19920407
14021,19771017
14067,19291130
14021,19840326
14038,19310820
14021,19920511
11022,19920701
11022,19801012
11020,19980726
14021,19770426
14021,19820711
66126,19650714
21043,20000730
23044,19640801
29067,19540201
23058,19630324
23087,19640513
23050,19580129
23063,19550829
29008,19910821
29067,19790202
23050,19770625
23050,19970403
29094,19861224
23092,19540930
21041,19760418
23050,19720707
23050,19780115
23050,19761207
23050,19930403
23050,19380325
29067,19610308
23050,19510908
23010,20000323
29059,19800526
23050,19210224
29067,19900216
23002,19940709
29067,19731031
29067,19900626
23048,19450720
29067,19640308
41091,19941027
41039,19950328
41003,19631031
41091,19790926
29084,19500311
41039,19990915
6015,19760929
41091,20000212
41091,19750307
41058,19840624
41091,19610726
41091,19830526
29059,19650120
41091,19620325
29067,19941215
29067,19971031
29084,19950505
41091,19791229
41091,19721223
41046,19681115
41046,19730512
41068,19910105
41091,19780627
41091,19810515
41091,19750706
41091,19800808
8015,19750308
41070,19371106
41047,19770611
41056,19811029
7040,19710415
11022,19691227
41005,19670404
41060,19320613
11012,19580422
41091,19820308
41074,19860602
30016,19851210
45187,19600308
28079,19750120
23044,19330314
23092,20100522
29015,19770926
14055,19201121
14010,19550306
23018,19701215
23050,19340126
23050,19850802
23055,19800511
23050,19940322
23050,19720629
23050,19720629
18087,20050322
18122,19520308
18132,19990223
18087,19820306
14055,19750827
18087,19961017
18087,19650419
18087,19530218
23017,19331119
23064,19370810
18140,19700723
18140,19690525
8114,19920109
18074,19210704
18022,19990912
18140,19980128
18193,19990929
18098,19670206
18184,19721220
18062,19260531
18087,19890717
18101,19630809
18087,19420729
18108,19650223
18168,19460303
18087,19900205
18102,19720430
18057,19230718
18087,19830710
18087,19640307
18087,19950108
15036,19800922
41091,19660420
41060,20020624
41091,19851117
41039,19990111
41091,19840115
41060,20001021
14010,19510103
41091,19590709
41091,19590709
29015,19480302
28079,19581012
29049,19550212
11012,19631030
14001,19180112
21041,19120924
18911,19500315
35016,19840127
18087,19510223
41091,19700308
23050,19280430
23072,19370610
41091,19670416
41091,19670416
11038,19481209
41091,19491202
41091,19801212
41091,19801212
41033,19871002
18087,19720308
18087,19720308
41091,19770703
41091,19770703
14038,19290320
18140,19390916
41091,19570515
11026,19291220
41091,19800825
41091,19521125
41091,19521125
41091,19901229
41091,19901224
41091,19900910
4102,19800915
11020,19570916
11020,19740215
66344,19730114
41091,19971119
41091,19710109
41091,19710109
41091,19970622
41095,19981109
41091,19990911
41058,20090714
41082,19981207
41053,20080917
41091,19840809
41042,20080925
14021,19511105
41101,20010623
41005,20031110
18164,20110203
18050,19920109
21044,19490628
18089,20060823
11027,19620423
14038,19690309
29015,19840309
29015,19640308
29084,19610814
23026,19990811
23026,19990811
8019,19670430
23087,20020508
23005,20110301
23087,19870811
23050,19570916
23092,19420529
23069,19270323
23050,19340513
23092,19720929
4029,19610921
4029,19820628
11012,19730116
23050,19840526
18087,19760208
23092,19601016
13081,19720221
13081,19450712
23095,19340302
23080,19330809
23009,19570913
29067,19771127
23087,19550312
29067,19740808
29067,19250321
14058,19611004
41091,19610504
41091,19610504
41091,19541221
41091,19541221
41091,19820421
41091,19690801
41091,19690801
41091,19840909
41091,19840909
14021,19630207
14021,19630207
41091,19880818
23058,19500709
41091,19810131
41091,19810131
41091,19610621
41091,19610621
41024,19500308
41024,19500308
11020,19271103
41091,19810709
41091,19810709
21053,19681206
29069,20030623
29067,19940125
41038,20010808
11033,19590110
11012,19631030
11012,19730116
11012,19860412
11012,19830309
23044,19320814
23087,19880927
23050,19860418
23098,19280705
23060,19981211
23075,19361027
23050,19380219
23050,19430222
23050,19591212
23060,19700202
23050,19780228
23027,19581105
23055,19360616
23058,19830805
21041,19890310
21041,19890310
23093,19230825
23063,19941021
23063,19900825
23063,19900825
18140,19810919
41091,19921023
6083,19800102
18023,19920711
4013,19971215
41091,19770915
41091,19770915
18136,19570825
4013,19740128
23095,19420328
4902,20030512
4086,19560111
18100,19620902
18108,19531124
11012,19780108
11039,19420317
11004,19670521
11012,19870601
11004,19840404
41091,19920703
11028,20021114
11012,19690502
23060,19510818
28079,19810526
11038,19700905
11027,19790219
11006,19520924
11020,19510521
8067,20001229
11006,19560909
11006,19950515
11020,20010216
11041,19850713
11020,19681005
11020,19990518
11020,19711213
11020,19760206
66124,20010726
13091,19540817
34120,19661031
14021,19271212
28079,19770129
14008,19720430
14021,19860624
14055,19500727
14038,19961129
14024,19490614
14058,19411023
14021,19961107
14021,19961107
14021,19991017
14054,19880730
4013,19810108
4053,19240321
11027,19711102
11004,19790616
18087,19340329
11004,19470301
11004,19470301
11004,19610817
11004,19471209
11004,19870219
8279,19860201
11004,19830706
11004,19830706
11020,19580109
14038,19570404
23055,19240815
18087,19310414
29067,19800406
29067,19500314
29067,19710320
29015,19570420
66126,19780509
29067,19711221
66319,19661230
14021,20020306
29067,19510411
51001,19720108
20071,19591031
41091,19751113
41091,19751113
41091,19741203
41091,19690925
41091,19690925
18082,19580308
18082,19580308
41091,19901224
41091,19811128
66228,19530517
41091,19860413
41091,19860413
41091,19730206
41091,19741224
41091,19741224
41091,19741102
41091,19741102
41091,19760926
41091,19760926
41091,19760926
41091,19760112
41091,19760112
41091,19740227
41036,19550215
41091,19920116
41091,19610820
11032,19440903
66303,19630308
23072,19370610
41091,19891005
29001,19820307
41091,19890218
41091,19710214
11038,19850319
23093,19621010
23093,19620115
23063,19680901
29094,19870325
23050,19810212
23050,19660909
23055,19840124
23056,19831110
23056,19800720
29001,19750314
29067,19670127
29094,19550429
18013,19630413
23060,19540308
23060,19780523
23060,19621219
23050,19910415
23060,19310419
23079,19830825
23002,19810322
23002,19841018
23063,19630531
23063,19630531
29067,19760318
23060,19660831
23079,19510307
23079,19511127
23079,19580523
29067,19350213
29044,19660312
29067,20080518
23050,19180328
23024,19190320
23024,19840531
23011,19840531
23020,19630530
23020,19801201
23002,19550409
29049,19691207
29051,19860914
29069,19841027
18013,19630413
29067,20080705
23050,19740824
23050,19840808
23902,19720617
11022,19750308
29067,19810402
18087,19770916
29015,19720205
18098,19590225
41082,19840811
46250,19860310
23087,19800406
23087,19691119
23050,19790805
23087,19560222
23087,19730624
14004,19311124
23084,19970714
8245,19721017
66343,19340425
23044,19630916
23009,19830313
28079,19760930
29067,19650304
29056,19860320
3014,19750322
23050,19961114
23044,19720121
23044,19680917
11041,19760129
23050,19950513
23050,19830518
23050,19980220
23044,19651007
29067,19661225
23050,19800125
23005,19770108
18087,19740210
23021,19830526
8019,19661121
23050,19690423
33044,19620210
23005,19830410
23044,19441104
23044,19621101
23050,19621025
23050,19800509
23050,19680908
23092,19540701
23062,20021022
23099,19970415
29067,19840503
23010,19560219
23010,19670912
23092,19680504
23050,20030407
29067,19680726
23050,19940321
23010,19920826
23086,19831029
23056,19690916
23050,19810409
23067,19221119
23050,19860922
18013,19170912
29084,19860111
23058,19680617
29015,19720308
23086,19830423
23053,19780308
23060,20051112
29067,19630103
29072,19821029
18087,19480114
23055,19850701
23086,19760314
4079,19900202
11012,19580720
4013,19820219
29067,19550418
18087,19941212
11041,19890917
18152,19750903
4102,19981126
11022,19890111
11020,19640308
11020,19540123
18162,19540419
11038,19600428
11012,19830718
11006,19790530
11012,20000422
14013,19690929
11041,19751008
11012,19650117
14029,19960212
14029,19581003
14021,19631212
11012,19821228
11012,19951208
11902,20040219
4902,19940715
66341,19561218
18140,19811119
4013,19850113
41039,19960304
41042,19931213
41091,19780928
41036,19550215
11012,19670926
41007,19820308
41091,19820308
41077,19820308
41087,19670602
41091,19631105
41007,19710809
41046,19370524
41011,19290105
41087,19700311
14021,19880503
52001,19361128
30016,19890307
29012,19710512
29067,19731120
23056,19980820
29067,19500313
11022,19850427
23098,19990531
29067,19581218
23056,20030308
11027,19620423
18087,19840919
29067,19370127
29067,19960101
29067,19850715
23050,20000924
18906,19650617
23092,19830125
23092,19830125
23050,19600907
29001,19850711
29067,19710106
23050,19910328
28079,19801226
4013,19740506
4013,19730216
18087,19670228
4045,19650704
4045,19580227
18175,19440111
11014,19660902
11004,19840404
11004,19840404
11033,19590110
30030,19701120
11038,19760525
11038,19760525
11038,19760525
11038,19680830
11038,19850319
11038,19850319
11038,19660625
11038,19660625
11004,19810406
18140,19751028
18173,19640625
18087,19291207
29017,19580509
29017,19580508
29054,19731120
29015,19570916
29067,20000330
18103,19680630
29015,19390625
41077,19450106
41091,19851212
41091,19851212
14073,19521024
41091,19840419
41091,19840419
41091,19491226
6015,19410403
41091,19810327
41091,19810327
41091,19900910
41091,19671219
29049,19511227
29049,19511227
41058,19390323
41058,19390323
41091,19820614
41091,19820614
11026,19530322
11006,19560408
23075,19320425
23075,19320425
41091,19730524
41091,19730524
41091,19440629
41091,19710214
11012,19781102
41091,19631123
41091,19790926
41004,19180528
41091,19600207
41091,19870225
41039,19541118
41039,19541118
51001,19921230
51001,19620801
14038,19570404
18907,20060416
14049,19920808
14001,19561103
11012,19770815
14019,19690411
14038,19650318
14022,19770308
14038,19791031
14021,19870524
14050,19680726
14050,19920201
14021,19780530
14021,19860805
11038,19760525
11012,19810402
11012,19750626
11038,19711212
11038,19710920
11038,19780709
11038,19760712
11022,19790906
11015,20060708
11015,20060708
14023,19570428
11020,19700616
14038,19510806
11012,19850912
11012,19780102
11012,19850621
14029,19690926
14038,19920708
14021,19800501
14021,19770110
14021,19860609
11006,19900315
11006,19751126
11006,19601108
11012,19760209
11007,19780426
11017,19670813
41091,19800705
8019,19620726
11016,19541231
11006,19760826
11006,19770204
11006,19830224
11006,19801220
11007,19590308
14021,19610127
11012,19810308
11030,20021004
3014,19810617
14021,19780713
14021,19770517
14021,19670209
11032,19760524
11020,19810107
11006,19850514
11006,19720604
11012,19741024
14021,19800810
11006,19840228
11012,19690720
11012,19310625
23010,19551225
11020,19990607
11013,20071224
41029,20080116
14013,19690929
14029,19751121
14021,19660325
14043,19651201
14043,19800103
11031,19660615
11012,19950103
11012,19780622
11027,20080409
14057,19800927
14057,19540213
14055,19470416
11032,19740321
11020,19751218
11003,19671210
11020,19700208
14037,19800323
14011,19680220
11032,19690308
11012,19790510
14045,19760308
11020,20050215
11032,20080710
29901,20040308
29067,19831010
29069,20050809
29015,19720205
29051,19530802
29007,20061229
18087,19590904
41091,19690925
14021,19921026
66228,19530517
23050,19950308
23050,19690618
23050,19800311
23050,19661122
18087,19951109
18087,19690902
18146,19750510
18098,19511213
18087,19700308
18095,20000122
21041,19701011
23050,19460621
23058,19641118
23050,19820910
18132,19830719
18089,19830919
18087,19790531
21050,19950718
21050,19800828
23050,19650515
23050,19710427
23050,19760816
23050,19870629
23050,19870629
23093,19621212
14060,19930226
14060,19760213
14058,19740623
18087,19751209
18105,19560129
18105,19700803
18158,19730625
18158,19470106
21040,19700721
23093,19550224
23050,19820621
18087,19730512
18087,19830117
18087,19830117
18905,19890409
18100,19730924
18087,19830922
18022,19560308
18022,19630202
23050,19780221
18087,19830906
18087,19821101
18087,19821101
18135,19641117
18150,19430215
18022,19690813
66110,19750501
18022,19811213
18022,19490828
18022,19661214
18087,20060718
18021,19700818
23903,19790421
23050,19801107
23050,19840828
23050,19871110
23050,19820110
18115,19771012
18137,19381217
18140,19781022
18140,19820226
18105,20000220
18087,20070308
23050,19630811
23050,19810605
23050,19670822
23050,19650516
23050,19530615
14021,19851020
14055,19750828
18089,20070202
23050,19640228
23050,19810915
23050,19860919
23050,19760318
14054,19780222
18140,19580313
18140,19780716
18071,20010526
18071,20010526
23050,19690304
18087,19820624
23050,19721021
14056,19990511
18099,19240302
18087,19740923
23050,19740430
23050,19820408
23050,19851202
23050,19740304
23092,19691009
23050,19641119
18087,19760305
18003,19970709
18003,19970709
18165,19420912
18087,19801215
18140,19700831
18140,19671110
18120,19550909
23062,19831230
23062,19670320
23062,19700927
23087,19610115
23050,19710715
23050,19851021
18087,19851225
18087,19490606
18027,19681212
18087,19710511
18027,19661218
18087,19821210
21049,20000512
23050,19480404
18087,19740410
18165,19750613
18087,19761109
66340,19820428
23050,19640409
23050,19200607
23050,19720304
23050,19431002
23035,19640712
18102,19320326
18140,19760705
18087,19740730
18087,19780728
18038,20040906
23050,19630203
18147,19670111
18147,19970904
18087,19841004
14021,19530826
18087,19720602
18087,19710216
18911,19710216
18194,19290626
21041,19790507
41091,19800330
23050,19700502
23050,19600217
23050,19430201
23050,19570125
23050,19870104
23050,19590201
23050,19870311
23050,19871011
66110,19741215
14021,19980921
29067,19820307
41076,19651126
18149,20060427
18087,19600308
18153,20040616
18087,19730515
18087,19710817
18087,19960621
18087,19980621
51001,19840623
18087,19740907
41091,19900329
11022,19720711
18905,19820706
18021,19661109
18087,19921007
18087,19921007
18147,19970904
18149,19730804
14052,19640131
23009,19620531
18087,19740610
18087,19610117
14021,19751112
18087,19900923
18150,19591108
18087,19890502
18087,19890502
18193,19990929
18184,19721219
18173,19881028
18173,19870206
18087,19860916
28079,19710315
18193,19720424
14021,19790531
14021,19540128
18051,19270524
18127,19860306
66110,19630503
18101,19630809
18175,19210114
18175,19410910
18029,19620810
18102,19750402
18087,19610227
18003,19950303
18003,19950501
18087,19551028
18087,19810813
18087,19610112
14058,19330205
14056,19990511
18003,19710607
11020,19430824
11020,19891130
11015,19610913
11015,19810913
11021,19670521
11006,19620925
11020,20090618
11012,19660811
11029,20000212
11020,19850521
11020,19801009
11004,19800115
11020,19840911
11020,19750106
11012,19730808
11020,19811219
11020,19960205
11012,19770717
14058,19281203
11029,19690106
11020,19630301
11020,19830930
11020,19780623
11020,19790420
11004,20030630
8245,19801123
11020,19701105
11020,19920123
11020,19791003
4013,19300601
